,SPY,QQQ,IWM,EFA,EEM,TLT,LQD,GLD,leverage_hint,ESloss_SPY,ESloss_QQQ,ESloss_IWM,ESloss_EFA,ESloss_EEM,ESloss_TLT,ESloss_LQD,ESloss_GLD,k_SPY,k_QQQ,k_IWM,k_EFA,k_EEM,k_TLT,k_LQD,k_GLD,method_SPY,method_QQQ,method_IWM,method_EFA,method_EEM,method_TLT,method_LQD,method_GLD
2013-12-31,0.10818592419027918,0.10347472164182094,0.08286026276942114,0.0816545129734503,0.07717415471352995,0.13192714860692553,0.3205006403151584,0.0942226347894146,1.8486617189880366,0.02621998124461093,0.027413776603517338,0.03423393564528804,0.03473945039782849,0.03675625491111093,0.02150150998602808,0.008850631001581368,0.03010564191438531,100.0,100.0,100.0,100.0,100.0,100.0,100.0,100.0,pot,pot,pot,pot,pot,pot,pot,pot
2014-01-31,0.1088603104034607,0.10419572050843488,0.08269564395263497,0.0818464905830387,0.07724739515564184,0.1312014045031898,0.3186842182483058,0.09526881664529324,1.8514529264278181,0.025914204163582505,0.027074320282452255,0.0341133846266682,0.034467309337400664,0.03651939723562586,0.02150150998602808,0.008852111738110027,0.029611245404774514,100.0,100.0,100.0,100.0,100.0,100.0,100.0,100.0,pot,pot,pot,pot,pot,pot,pot,pot
2014-02-28,0.10827024419484134,0.1037121051246761,0.08218150787676697,0.08205566944978407,0.07711212380993776,0.1309946743805475,0.3203667140791103,0.09530696108433594,1.8553297163305809,0.026065867260563827,0.02721146012858332,0.03434054553590639,0.034393209297727476,0.03659810771659569,0.02154406525911905,0.008809148046368735,0.029611245404774514,100.0,100.0,100.0,100.0,100.0,100.0,100.0,100.0,pot,pot,pot,pot,pot,pot,pot,pot
2014-03-31,0.10794055526798432,0.10388596575479626,0.08188776083811763,0.08168796878107444,0.07693818606852086,0.13099570735060892,0.32164137656505903,0.09502247937383856,1.8606199901799585,0.026065867260563827,0.027083198054756827,0.03435878764848528,0.03444282221274527,0.036569151541226655,0.021478293010902653,0.008747519413372887,0.02960945877425146,100.0,100.0,100.0,100.0,100.0,100.0,100.0,100.0,pot,pot,pot,pot,pot,pot,pot,pot
2014-04-30,0.10903261490336524,0.10314205558311718,0.08214521426983785,0.08266196160225626,0.07778892160222044,0.12864080027402597,0.32314055000687536,0.0934478817583016,1.8593971419591904,0.025340901930044946,0.02678814946843851,0.033635371530792275,0.03342510566997142,0.035519001221938365,0.021478293010902653,0.00855041189161728,0.029567120724992582,100.0,100.0,100.0,100.0,100.0,100.0,100.0,100.0,pot,pot,pot,pot,pot,pot,pot,pot
2014-05-30,0.11082780766004,0.104815903319587,0.08456157925975392,0.08369114354421513,0.07792813283787417,0.1278125203629011,0.31825016894063374,0.09211274407499492,1.855578418972842,0.024530211818054898,0.025937186162888287,0.032149702276496245,0.032484077551110775,0.0348863689944607,0.021270448227703822,0.008542429392201078,0.02951415273241688,100.0,100.0,100.0,100.0,100.0,100.0,100.0,100.0,pot,pot,pot,pot,pot,pot,pot,pot
2014-06-30,0.1118631457810316,0.10587710483680188,0.08493177838040393,0.08383542336087173,0.07808600244552208,0.1273963947999947,0.31512014906970276,0.0928900013256714,1.8540502046848069,0.024137062529674472,0.02550171492358695,0.031790783096398996,0.032206526027314566,0.03457787132036348,0.021194067137628003,0.008568311967527078,0.02906715153352739,100.0,100.0,100.0,100.0,100.0,100.0,100.0,100.0,pot,pot,pot,pot,pot,pot,pot,pot
2014-07-31,0.11249995638850903,0.10658627467561,0.08527716317218512,0.08403038972585344,0.07825033739160302,0.12704523009007848,0.3141188662547631,0.09219178230139792,1.8532855921502525,0.023931759984864992,0.02525955581796553,0.031571429611951876,0.03203986038124058,0.03440652199522002,0.021191838156290072,0.008571029135238235,0.02920349175803658,100.0,100.0,100.0,100.0,100.0,100.0,100.0,100.0,pot,pot,pot,pot,pot,pot,pot,pot
2014-08-29,0.11232741978724221,0.10624067736524034,0.08514140246422788,0.08390913693927086,0.07756175578960298,0.12725525736535104,0.3165058632651527,0.09105848702391203,1.8370406030112671,0.023673879274881397,0.025030203508210475,0.031233051116574786,0.031691730749497604,0.03428527046906486,0.020896785173027732,0.008401821526681577,0.02920349175803658,100.0,100.0,100.0,100.0,100.0,100.0,100.0,100.0,pot,pot,pot,pot,pot,pot,pot,pot
2014-09-30,0.1121521133600317,0.10591069372314244,0.08548024669876123,0.0840293728159522,0.07783700522709351,0.12786347742666548,0.31562896196435675,0.0910981287839967,1.8390877220047488,0.023747304680694928,0.025146756318172918,0.031157027610486596,0.031694993277861336,0.03421650664454731,0.020829328750831273,0.008438105267555486,0.029235621434766233,100.0,100.0,100.0,100.0,100.0,100.0,100.0,100.0,pot,pot,pot,pot,pot,pot,pot,pot
2014-10-31,0.1109005042770455,0.10417358310616923,0.08485882857140188,0.08367907859751576,0.07765358814119572,0.12861379008683022,0.31887333303798937,0.09124729418185232,1.8560714245581762,0.02388358772959564,0.02542585024130129,0.031213038970111906,0.03165309618067241,0.03410920199001158,0.020594229602976567,0.008306439105215663,0.02902773114431703,100.0,100.0,100.0,100.0,100.0,100.0,100.0,100.0,pot,pot,pot,pot,pot,pot,pot,pot
2014-11-28,0.10939728331209164,0.10310209763410623,0.08376919509847167,0.08305461644736427,0.0772673408400531,0.12958160231322438,0.32386485078881944,0.08996301356586926,1.8507980923001335,0.023897729510928653,0.025356871933883605,0.03120892689430286,0.031477439757724164,0.033835080350889925,0.020175292164572884,0.008072338444431922,0.02906023911602982,100.0,100.0,100.0,100.0,100.0,100.0,100.0,100.0,pot,pot,pot,pot,pot,pot,pot,pot
2014-12-31,0.10882811996607028,0.1026237930749922,0.08358719795765891,0.0832143957050763,0.07756981884421363,0.12921969297195665,0.32605684337735347,0.08890013810267854,1.8570605360944565,0.02398309829616222,0.025433044524338696,0.031225301987690877,0.03136519200095061,0.03364756470264073,0.020198434453015064,0.008004848085682227,0.029359183846466467,100.0,100.0,100.0,100.0,100.0,100.0,100.0,100.0,pot,pot,pot,pot,pot,pot,pot,pot
2015-01-30,0.10867036515707777,0.10252959487541236,0.08424171415952102,0.08298351758664722,0.07789472013737463,0.12919624527714257,0.3254307818997576,0.08905306090706677,1.8660896524157269,0.023960965749028673,0.025396051750981887,0.03090923449791759,0.03137788048987407,0.03342777139286273,0.02015419946514384,0.008001231113611257,0.02923927455093857,100.0,100.0,100.0,100.0,100.0,100.0,100.0,100.0,pot,pot,pot,pot,pot,pot,pot,pot
2015-02-27,0.10971290522206946,0.10390886236965123,0.08471098247355507,0.08389346259693752,0.07864879088050529,0.12924404172293674,0.3211026828698184,0.08877827186452619,1.8673703456544437,0.02384341298934271,0.02517523577694807,0.030880648920428386,0.031181572776874625,0.033260906877067176,0.020240237573800442,0.008146708978233507,0.029465882299018746,100.0,100.0,100.0,100.0,100.0,100.0,100.0,100.0,pot,pot,pot,pot,pot,pot,pot,pot
2015-03-31,0.11075509624739667,0.10460337470951414,0.08539566957378973,0.0850862384219023,0.0792572444834991,0.12862500521617676,0.3172805794406436,0.08899679190707784,1.842271163376074,0.023787042813700525,0.02518595813556218,0.03085093458979047,0.03096312946882117,0.033240320597076045,0.020482302114153847,0.008303490307906515,0.02960259757478769,100.0,100.0,100.0,100.0,100.0,100.0,100.0,100.0,pot,pot,pot,pot,pot,pot,pot,pot
2015-04-30,0.1109384185146874,0.10466842867001426,0.08556535842485674,0.08563189341529229,0.07964160122272357,0.12950850549288584,0.31422254077301504,0.08982325348652485,1.8445014009285616,0.023791200189284697,0.025216372855721564,0.030846106089574242,0.030822139022027455,0.03314044523269212,0.020379805276268606,0.008399646050447315,0.029383906963039684,100.0,100.0,100.0,100.0,100.0,100.0,100.0,100.0,pot,pot,pot,pot,pot,pot,pot,pot
2015-05-29,0.11179569513141181,0.10556154636149516,0.08619773093978479,0.08590914720761741,0.08006536355450442,0.12889598303829378,0.3115649584650476,0.09000957530184515,1.8345568022634557,0.023665920929614497,0.02506355933997902,0.030693941156055747,0.03079704743031935,0.03304485190341002,0.020526226022615876,0.00849180246163045,0.029394073601378762,100.0,100.0,100.0,100.0,100.0,100.0,100.0,100.0,pot,pot,pot,pot,pot,pot,pot,pot
2015-06-30,0.11201356190097721,0.10603760861199393,0.08595945824510133,0.0865381119864093,0.08044115705909145,0.1284107546740605,0.31019252842469436,0.09040681909767194,1.8332395909335113,0.023692493640142007,0.02502772966768297,0.03087363109457237,0.03066718861818183,0.03299157669996014,0.020667120987527772,0.008555591639896123,0.029354872004526654,100.0,100.0,100.0,100.0,100.0,100.0,100.0,100.0,pot,pot,pot,pot,pot,pot,pot,pot
2015-07-31,0.11746185293309802,0.10984244383456143,0.0904610547253176,0.0904704349131105,0.08152363378204734,0.12317746356826871,0.3013809780147508,0.08568213822884553,1.8374585693664969,0.021539581218568825,0.023033711132162314,0.027968711276013355,0.027965811414148577,0.03103491593738564,0.020540113816630137,0.00839495291973012,0.029528664592596288,100.0,100.0,100.0,100.0,100.0,100.0,100.0,100.0,pot,pot,pot,pot,pot,pot,pot,pot
2015-08-31,0.11496324847544721,0.10584448285094396,0.09108186109143959,0.09138373434708817,0.07940777086741743,0.12400576262199324,0.30810049021357117,0.08521264953209921,1.8021455355389233,0.021014322074645323,0.022824758222048228,0.02652421350706879,0.026436594515110275,0.030423656322555285,0.019481955347307824,0.007841190802831483,0.028351127954312424,100.0,100.0,100.0,100.0,100.0,100.0,100.0,100.0,pot,pot,pot,pot,pot,pot,pot,pot
2015-09-30,0.11619686533026322,0.1044905631183464,0.09482115382415245,0.09183834037824717,0.08305225942864192,0.12091446890422199,0.3014468309749155,0.08723951804121141,1.7874218843381167,0.020214240390216742,0.022478885157459504,0.02477117471837068,0.025575716620113556,0.028281366269074064,0.019425560808906367,0.007791859548760813,0.026923937925310507,100.0,100.0,100.0,100.0,100.0,100.0,100.0,100.0,pot,pot,pot,pot,pot,pot,pot,pot
2015-10-30,0.11803261441081607,0.10497220438650805,0.09755895760891312,0.09464673032665914,0.08414622532118937,0.12119483632319727,0.29427154570757996,0.08517688591513703,1.7803279640217309,0.019527369939992587,0.02195692221626573,0.023625370576673008,0.02435231009702713,0.02739120522384387,0.019017860797616696,0.007832447819725221,0.027059765120796712,100.0,100.0,100.0,100.0,100.0,100.0,100.0,100.0,pot,pot,pot,pot,pot,pot,pot,pot
2015-11-30,0.12045885228790242,0.10541992449054105,0.0990658327454952,0.09717986441404558,0.08647378269451884,0.11761048132874716,0.28968299764738825,0.0841082643913615,1.8005920688747343,0.018644000371964946,0.02130370418794631,0.022670125760026454,0.023110084588032504,0.0259712807383003,0.019095533505934056,0.0077527328324454425,0.026701714785268903,100.0,100.0,100.0,100.0,100.0,100.0,100.0,100.0,pot,pot,pot,pot,pot,pot,pot,pot
2015-12-31,0.11989892857609113,0.1041779234460132,0.10043662790465462,0.09960720288794678,0.0887390463936049,0.11772616055814487,0.28234073418104566,0.08707337605249886,1.7908535583929703,0.01875889494879277,0.021589712400029368,0.022393935883300062,0.022580409251747677,0.025345904616277136,0.019105111344566758,0.007966159796798796,0.02583075915507877,100.0,100.0,100.0,100.0,100.0,100.0,100.0,100.0,pot,pot,pot,pot,pot,pot,pot,pot
2016-01-29,0.11807110680526071,0.10030814163287825,0.09947721866303146,0.09881050137520632,0.08730283354459353,0.12036836638013504,0.28683829618656953,0.08882353541232511,1.7993722565024524,0.019387009281377376,0.022820138088828903,0.02301075235376241,0.02316601587521607,0.02621960308226267,0.01901700348966322,0.007980265096844722,0.025770710801705624,100.0,100.0,100.0,100.0,100.0,100.0,100.0,100.0,pot,pot,pot,pot,pot,pot,pot,pot
2016-02-29,0.11753603460175982,0.09812155535837927,0.09871911092068046,0.09964504612166314,0.0877674812348066,0.12044098471141436,0.28707871527884854,0.09069107177244791,1.8075604091876414,0.019547971602607704,0.023415762808555098,0.023274025112770744,0.023057755062635413,0.026178158861953814,0.019076488557308945,0.008003348713772094,0.025334258618568112,100.0,100.0,100.0,100.0,100.0,100.0,100.0,100.0,pot,pot,pot,pot,pot,pot,pot,pot
2016-03-31,0.1164301192846997,0.0972744117360518,0.097163522298028,0.09936353805395584,0.08704957443245889,0.12138796951652236,0.29135342705258716,0.08997743762569624,1.814723799978076,0.019551586445668453,0.02340177135433264,0.02342847900359101,0.022909747243885187,0.0261505418827812,0.01875304077612445,0.007813168923746429,0.025299604013442046,100.0,100.0,100.0,100.0,100.0,100.0,100.0,100.0,pot,pot,pot,pot,pot,pot,pot,pot
2016-04-29,0.11668231342374008,0.09788726756979842,0.09745031592447935,0.09984796253431658,0.08663807849737051,0.12112278973064251,0.290559557089548,0.08981171523010462,1.816250594192317,0.019456169794176293,0.023191891635250983,0.023295880371582405,0.022736476982886302,0.026203153870944677,0.01874288816331031,0.007813168923746429,0.025277224648623812,100.0,100.0,100.0,100.0,100.0,100.0,100.0,100.0,pot,pot,pot,pot,pot,pot,pot,pot
2016-05-31,0.11749490182247538,0.09878387766867891,0.09796788364487335,0.10015214504718181,0.08605638647511632,0.12092393132491526,0.2896934064483411,0.0889274675684178,1.8090254586258305,0.019188932243094592,0.022823579749951348,0.02301368189347953,0.022511766561948178,0.026199121324161828,0.018644793344690005,0.007782716692181871,0.025353265662782055,100.0,100.0,100.0,100.0,100.0,100.0,100.0,100.0,pot,pot,pot,pot,pot,pot,pot,pot
2016-06-30,0.11721338415837776,0.0990150297321199,0.09734073416187368,0.09422465518487778,0.08508701987842142,0.12287265714802541,0.29364497968901804,0.09060154004728614,1.8231807675015188,0.019497395296710938,0.02308089682126077,0.02347789653199732,0.02425432791998061,0.02685904017165733,0.018599383606134157,0.007782716692181871,0.025224247665198287,100.0,100.0,100.0,100.0,100.0,100.0,100.0,100.0,pot,pot,pot,pot,pot,pot,pot,pot
2016-07-29,0.11723286714873894,0.0988559644653924,0.09733401170861691,0.09448185368023594,0.08523521137310237,0.12330987948888308,0.2932680408146093,0.09028217132042113,1.8160099777464909,0.019499576548306093,0.023124464763524873,0.02348604795811428,0.024195029816846465,0.026819799354256338,0.018538589741711048,0.0077948870957587,0.02532051714652503,100.0,100.0,100.0,100.0,100.0,100.0,100.0,100.0,pot,pot,pot,pot,pot,pot,pot,pot
2016-08-31,0.11717784542980675,0.09880956770632751,0.0973928558423683,0.09424935637440779,0.08519520733705549,0.1242144899704486,0.2928423624211143,0.09011831491847135,1.8124624106442657,0.019499576548306093,0.023124464763524873,0.023460841629105406,0.02424333125042471,0.026819799354256338,0.018394942226689432,0.007802554069818385,0.02535465037036285,100.0,100.0,100.0,100.0,100.0,100.0,100.0,100.0,pot,pot,pot,pot,pot,pot,pot,pot
2016-09-30,0.11616688058254787,0.09856276355643813,0.09697464546517165,0.09515757271398013,0.08455249752748754,0.1262329626260566,0.29182362645102505,0.09052905107729296,1.794953177429457,0.01975892291258029,0.02328802841563133,0.023669407889197695,0.024121384908846702,0.027146831915630686,0.018183304825261926,0.007865478427294834,0.02535465037036285,100.0,100.0,100.0,100.0,100.0,100.0,100.0,100.0,pot,pot,pot,pot,pot,pot,pot,pot
2016-10-31,0.11765144246850875,0.09951811680928743,0.09700920178922574,0.09489073984936978,0.08391901467925691,0.1262292679737456,0.29135555976313415,0.08942665666747164,1.7834496225453018,0.01948924404145297,0.02304040457770946,0.02363629049417036,0.02416397719880313,0.02732321968818944,0.018164865493592492,0.007869895038082816,0.025640427133756104,100.0,100.0,100.0,100.0,100.0,100.0,100.0,100.0,pot,pot,pot,pot,pot,pot,pot,pot
2016-11-30,0.11923246469147944,0.10043463180270064,0.09865397225130125,0.09606905556428116,0.08381671886371306,0.12277257913489459,0.28926427557691287,0.08975630211471693,1.7870161141329302,0.019469617391308803,0.023113645427865443,0.02353083626731737,0.02416397719880313,0.027696269904581697,0.01890821618738843,0.008025223521072508,0.02586348159930722,100.0,100.0,100.0,100.0,100.0,100.0,100.0,100.0,pot,pot,pot,pot,pot,pot,pot,pot
2016-12-30,0.11930153400588642,0.10024905526784074,0.09868264749152489,0.09629794512512355,0.08330552671707989,0.12336202764861984,0.2887123478954699,0.09008891584845485,1.7762899581106208,0.01946400136341831,0.023163163127517067,0.02353083626731737,0.024113549022580873,0.0278743237340624,0.018823338630284327,0.008042902347180504,0.025775481907836677,100.0,100.0,100.0,100.0,100.0,100.0,100.0,100.0,pot,pot,pot,pot,pot,pot,pot,pot
2017-01-31,0.1193348443572453,0.10051145294140039,0.09868312813498442,0.09624652397022859,0.08325928786597084,0.12341538745228318,0.28851046341032843,0.09003891186755884,1.7718562504044952,0.019447767802804862,0.023089869621093047,0.023517660898112656,0.024113040638864457,0.0278743237340624,0.018804756779140425,0.00804406300004051,0.025775481907836677,100.0,100.0,100.0,100.0,100.0,100.0,100.0,100.0,pot,pot,pot,pot,pot,pot,pot,pot
2017-02-28,0.11959347393156515,0.10015665793953735,0.09918075146786208,0.09697284843370817,0.08306705121589389,0.12328012156902267,0.2878443240951877,0.08990477134722309,1.7683005461931902,0.019360904914851193,0.02311816233548401,0.023345637565329883,0.023877177113227007,0.0278743237340624,0.01878192402600276,0.00804406300004051,0.025754338090503197,100.0,100.0,100.0,100.0,100.0,100.0,100.0,100.0,pot,pot,pot,pot,pot,pot,pot,pot
2017-03-31,0.11976215439137301,0.10026445024848524,0.09853823777654175,0.0969672490678503,0.08331688487255444,0.1231966783120542,0.2876240579815732,0.0903302873495679,1.761145659654523,0.019395656346634385,0.023167389679501427,0.023573240625383175,0.02395515611959123,0.027879890054228612,0.018854936851656654,0.008076047623444826,0.025715246326167618,100.0,100.0,100.0,100.0,100.0,100.0,100.0,100.0,pot,pot,pot,pot,pot,pot,pot,pot
2017-04-28,0.1191167732041384,0.09938687059017008,0.0992996938562181,0.0961908784016966,0.08170326699046278,0.12212642246792532,0.2849132987103787,0.09726279577901002,1.766944358663618,0.019139720253987698,0.02293926454416805,0.02295940327858466,0.023701433592945492,0.027904168348017653,0.01866804636223319,0.008001949108744279,0.023440223966674386,100.0,100.0,100.0,100.0,100.0,100.0,100.0,100.0,pot,pot,pot,pot,pot,pot,pot,pot
2017-05-31,0.11831801420742889,0.09784835409331741,0.09771037770832011,0.09679379890338229,0.08119775699449179,0.1234804857729919,0.2857184796455512,0.09893273267451645,1.7730396804023185,0.019127322519311363,0.023128716252412834,0.023161376208632248,0.023380700450128484,0.02787154351743335,0.01832764750982986,0.007920757594669618,0.02287520779432486,100.0,100.0,100.0,100.0,100.0,100.0,100.0,100.0,pot,pot,pot,pot,pot,pot,pot,pot
2017-06-30,0.11571951240982693,0.09351563175953015,0.09478316801152073,0.0955613387040504,0.08042769685879915,0.12261335595449861,0.294973218342413,0.10240607795936099,1.809411529284034,0.018845586257472083,0.023320187350065778,0.02300832625183969,0.022820965909088615,0.02711506281997201,0.017786007371018313,0.007393220527093647,0.021295631043085527,100.0,100.0,100.0,100.0,100.0,100.0,100.0,100.0,pot,pot,pot,pot,pot,pot,pot,pot
2017-07-31,0.11589300052630876,0.09325713943045566,0.09453366438814792,0.09530592877357799,0.08021273511023702,0.12287834859978511,0.2956538880245992,0.10226529514688847,1.80667786576202,0.01876708120075045,0.023322325397915372,0.02300739493759153,0.022820965909088615,0.02711506281997201,0.017700216321752022,0.007356484861429888,0.021267951638450112,100.0,100.0,100.0,100.0,100.0,100.0,100.0,100.0,pot,pot,pot,pot,pot,pot,pot,pot
2017-08-31,0.11489922819055363,0.09216317608205778,0.09418394497636821,0.09470293316005213,0.07991969108590308,0.1218875877769038,0.30020357831986616,0.10203986040829519,1.8106716197196078,0.018761369912108417,0.023389677030872146,0.022887838508353124,0.022762409259864846,0.02697291360125098,0.01768569681306963,0.007180683637294537,0.021125733748294018,100.0,100.0,100.0,100.0,100.0,100.0,100.0,100.0,pot,pot,pot,pot,pot,pot,pot,pot
2017-09-29,0.11353023183231206,0.09211332408225667,0.09381896153587035,0.09420448018005448,0.0797293222071516,0.1211578855109074,0.2999934387582797,0.10545235589316768,1.8272638007321895,0.018887664522155297,0.02327916133019323,0.022855944010330746,0.022762409259864846,0.026895010174548855,0.01769856681576191,0.007147892770078271,0.020334500010067185,100.0,100.0,100.0,100.0,100.0,100.0,100.0,100.0,pot,pot,pot,pot,pot,pot,pot,pot
2017-10-31,0.11307102801799025,0.0915774691871763,0.09319228575069245,0.09380286499249385,0.07948022769930807,0.12166183941145536,0.30205743897828835,0.10515684596259538,1.832883774498103,0.018854018298023537,0.023279123676919047,0.022875747858901296,0.0227268456181814,0.02682230905644574,0.01752269439242747,0.007057741197960549,0.02027298566929084,100.0,100.0,100.0,100.0,100.0,100.0,100.0,100.0,pot,pot,pot,pot,pot,pot,pot,pot
2017-11-30,0.11278113498685374,0.0914209248900419,0.0929533581078792,0.0935623719383612,0.07962731412848008,0.12156501210682248,0.30087698179428957,0.1072129020472719,1.8412680799247734,0.018854018298023537,0.02325920007122593,0.022875747858901296,0.0227268456181814,0.02670412290037882,0.017491690625963143,0.007067265731108048,0.0198332247528982,100.0,100.0,100.0,100.0,100.0,100.0,100.0,100.0,pot,pot,pot,pot,pot,pot,pot,pot
2017-12-29,0.11262329845802249,0.09112731945199186,0.09266903797698435,0.0933697655032153,0.08068635158596522,0.12150207441850093,0.29922756894525343,0.10879458366006647,1.8450076467058028,0.018806328243939838,0.023242543854618762,0.022855861730676615,0.022684331563881215,0.026250173382299638,0.01743205396988897,0.007078327462214179,0.019468163280395058,100.0,100.0,100.0,100.0,100.0,100.0,100.0,100.0,pot,pot,pot,pot,pot,pot,pot,pot
2018-01-31,0.11431810130316859,0.09127447686764635,0.09386357093363061,0.09403367834756508,0.08167810489954834,0.12074546933237044,0.2962132783236375,0.1078733199924331,1.8403168582651022,0.01840366394156814,0.023049947707423205,0.02241414744714188,0.022373600137658926,0.02575808928732003,0.01742402369591547,0.0071025577608408354,0.019503172044479915,100.0,100.0,100.0,100.0,100.0,100.0,100.0,100.0,pot,pot,pot,pot,pot,pot,pot,pot
2018-02-28,0.10869076500132087,0.08909007874345387,0.0928135158761524,0.0933919882035477,0.07969231260375152,0.12331086393340532,0.30198853286275645,0.11102194277561192,1.8139598453125478,0.01975688588501505,0.02410359347722396,0.023136619926687172,0.022993311120070047,0.026946024914139527,0.01741445134992967,0.007110836363650935,0.01934204164690405,100.0,100.0,100.0,100.0,100.0,100.0,100.0,100.0,pot,pot,pot,pot,pot,pot,pot,pot
2018-03-29,0.10603289265041009,0.08713421923035414,0.0928623300400571,0.09379426410723979,0.07939545279513684,0.12388555534323091,0.30525004714376947,0.1116452386898017,1.808640637103871,0.020346506848555455,0.024759491684664812,0.023232229640943736,0.02300139562923645,0.027172827920642077,0.01741445134992967,0.00706764502305745,0.019323698903791972,100.0,100.0,100.0,100.0,100.0,100.0,100.0,100.0,pot,pot,pot,pot,pot,pot,pot,pot
2018-04-30,0.10511035959900826,0.08628695793235683,0.09319878939766932,0.09412088430585486,0.07921548314504959,0.12378686822493686,0.3059706118704002,0.11231004552472418,1.802334991512612,0.02054040812683717,0.025021274781928983,0.02316564086803727,0.022938688904646683,0.027254895113988455,0.01744134669114534,0.007056264885454872,0.01922365603571016,100.0,100.0,100.0,100.0,100.0,100.0,100.0,100.0,pot,pot,pot,pot,pot,pot,pot,pot
2018-05-31,0.1050604526685652,0.08651195590372467,0.09338819052710126,0.09384623754228189,0.0790784710736787,0.12402394452697146,0.30514480663602983,0.11294594112164694,1.7991818789153682,0.020574878026619763,0.02498621117158354,0.02314645981335177,0.023033486005267806,0.027334949319685057,0.0174289408978369,0.007083869533639172,0.019138412391013312,100.0,100.0,100.0,100.0,100.0,100.0,100.0,100.0,pot,pot,pot,pot,pot,pot,pot,pot
2018-06-29,0.10511871954432575,0.08625791178075362,0.09347971721647266,0.09381623371952118,0.07910827276592305,0.12401806121589341,0.3051699702673216,0.11303111348978873,1.7982489758563063,0.02061800546668837,0.025126255545404697,0.023185118641268945,0.023101954195856964,0.027397113581650586,0.01747598948868616,0.007102069487104688,0.019174705683245242,100.0,100.0,100.0,100.0,100.0,100.0,100.0,100.0,pot,pot,pot,pot,pot,pot,pot,pot
2018-07-31,0.10540697315966048,0.08617087774653714,0.09345333130650163,0.09338311600915396,0.07898638711917622,0.1238684814582848,0.304739847589133,0.11399098561155278,1.7978365722833836,0.020509976657902933,0.025088459298788043,0.023133413532305323,0.02315080767783457,0.02737047025360115,0.017453144929470206,0.007094229967587379,0.018965487029403608,100.0,100.0,100.0,100.0,100.0,100.0,100.0,100.0,pot,pot,pot,pot,pot,pot,pot,pot
2018-08-31,0.105425313467595,0.08621076443313175,0.0936744698906444,0.09284494126750198,0.07795427621949694,0.12402229265353862,0.30633257884874776,0.11353536321934353,1.7978773322982935,0.020509976657902933,0.025081215003604454,0.023082817771978945,0.023289052573608783,0.02773767935814243,0.01743453271270243,0.00705857250475503,0.019044909507138278,100.0,100.0,100.0,100.0,100.0,100.0,100.0,100.0,pot,pot,pot,pot,pot,pot,pot,pot
2018-09-28,0.10615015495218624,0.0864561838438972,0.09347123985175736,0.09231078723128622,0.07793356886230009,0.12364458299785148,0.3061360912810773,0.11389739097964406,1.7935062455214035,0.020307700404941613,0.024933618960088905,0.02306234033191332,0.02335226043849102,0.027660295507779806,0.017434371101761777,0.0070415269747725155,0.018926382124875817,100.0,100.0,100.0,100.0,100.0,100.0,100.0,100.0,pot,pot,pot,pot,pot,pot,pot,pot
2018-10-31,0.10333499625115782,0.08333265264772573,0.09184893361464132,0.09285889594749788,0.07702929334910931,0.1243741397943444,0.3087035742668024,0.11851751412872114,1.7897719013723385,0.02107789793531951,0.02613722754435769,0.023713770192116068,0.02345585182662532,0.028276054594673417,0.017512358338558506,0.007055585635189573,0.01837774374648902,100.0,100.0,100.0,100.0,100.0,100.0,100.0,100.0,pot,pot,pot,pot,pot,pot,pot,pot
2018-11-30,0.10241571537176732,0.08136853987909792,0.0913151866727594,0.09265376286623697,0.07657691752384588,0.12435460219747434,0.3109649763280324,0.12035029916078574,1.7796097506844215,0.021304666437327688,0.02681543330109939,0.023894521091601704,0.023549315067600916,0.02849334661788061,0.017546054712723063,0.007016650812900897,0.01812984819440104,100.0,100.0,100.0,100.0,100.0,100.0,100.0,100.0,pot,pot,pot,pot,pot,pot,pot,pot
2018-12-31,0.0978786234357342,0.07763774912859575,0.0885147490380315,0.0933078243668801,0.07680919774608339,0.1269173701644971,0.3148856906786042,0.12404879544157377,1.7684859830215507,0.02240886940029831,0.02825106748032298,0.02477947814900254,0.023506595556533852,0.028555815631653138,0.017281710823424352,0.006965541320488394,0.017681342909011955,100.0,100.0,100.0,100.0,100.0,100.0,100.0,100.0,pot,pot,pot,pot,pot,pot,pot,pot
2019-01-31,0.09598357723158184,0.07621930042842459,0.08766352183843937,0.09213626193036796,0.07612887915124142,0.1271513776689772,0.3194800214092005,0.12523706034176715,1.7521007748013642,0.022543787606320555,0.028389572806898716,0.02468339548109317,0.02348514399725664,0.028423292224030613,0.017017773762836596,0.006772984956177081,0.01727789979179189,100.0,100.0,100.0,100.0,100.0,100.0,100.0,100.0,pot,pot,pot,pot,pot,pot,pot,pot
2019-02-28,0.09482442940452461,0.07509827935096774,0.08621104530131608,0.09082010539454727,0.07495155567144172,0.12799761063685736,0.3238280209080238,0.1262689533323214,1.7514002488766087,0.02248923161602825,0.028396503543973585,0.024736140807511114,0.023480798072979425,0.028452091976372634,0.016660690345121215,0.006585373772647584,0.016888779858050863,100.0,100.0,100.0,100.0,100.0,100.0,100.0,100.0,pot,pot,pot,pot,pot,pot,pot,pot
2019-03-29,0.0944964257582191,0.07530656521620673,0.08523250954052508,0.09074907628020064,0.07449657101698315,0.12863985229333652,0.325888399826496,0.1251906000680328,1.7636961526389563,0.02255993542894543,0.028308730550265053,0.025011973422628682,0.023491514743237952,0.02861652871090617,0.016572105963790714,0.006541605238193669,0.01702870073482393,100.0,100.0,100.0,100.0,100.0,100.0,100.0,100.0,pot,pot,pot,pot,pot,pot,pot,pot
2019-04-30,0.09358077919385895,0.07448977928127941,0.08436706977160327,0.09001379743385444,0.07368864903878972,0.1294992246093873,0.3293233892605876,0.12503731141063937,1.760048599062821,0.022544012911991027,0.02832182233342633,0.02500603968078819,0.02343736576618506,0.028629732285497568,0.016291111401045468,0.00640612347394245,0.01687245407518435,100.0,100.0,100.0,100.0,100.0,100.0,100.0,100.0,pot,pot,pot,pot,pot,pot,pot,pot
2019-05-31,0.09110567934923242,0.0726040842166399,0.08221641434518522,0.08818141074110654,0.07188509474987405,0.13258768837580184,0.3370376164280125,0.12438201179414762,1.7541794126694095,0.022862741866106418,0.028688821737391786,0.02533466882601581,0.023620915247240297,0.028975765236804008,0.015709796701440275,0.006180098386562891,0.016746196652173525,100.0,100.0,100.0,100.0,100.0,100.0,100.0,100.0,pot,pot,pot,pot,pot,pot,pot,pot
2019-06-28,0.09079224508703465,0.07181634964028487,0.08177604827456864,0.08951290182808715,0.07224231754756479,0.13285852677164045,0.3375721372430266,0.12342947360779295,1.733740537836032,0.022671657909301743,0.028662146318226132,0.025171315621897963,0.022995687542159964,0.028493143510733322,0.015493252645867164,0.006097691409729205,0.016676816819064598,100.0,100.0,100.0,100.0,100.0,100.0,100.0,100.0,pot,pot,pot,pot,pot,pot,pot,pot
2019-07-31,0.0907279720903853,0.0718004530270106,0.08173271325236199,0.08951229491462864,0.07214094067313387,0.13413429868316337,0.3359149590149669,0.12403636834434939,1.7201851020076848,0.02268241272152397,0.028661787239237263,0.02517877146677931,0.022990465279699893,0.028526510593552934,0.01534230490295425,0.006126340173642981,0.01659133797458347,100.0,100.0,100.0,100.0,100.0,100.0,100.0,100.0,pot,pot,pot,pot,pot,pot,pot,pot
2019-08-30,0.09203523392648091,0.07208252725657797,0.08112142936011335,0.09181265769746792,0.07325630318810239,0.13456680006898264,0.33227934164697825,0.12284570685529661,1.7221399100770076,0.02205282233464985,0.028157124057042616,0.025019734961753214,0.022106283743538735,0.027705966230606303,0.01508274449023217,0.006108224038992341,0.016521836328390275,100.0,100.0,100.0,100.0,100.0,100.0,100.0,100.0,pot,pot,pot,pot,pot,pot,pot,pot
2019-09-30,0.09413185915186198,0.07356341289859089,0.08262183640389198,0.0955537672488272,0.07437873357278166,0.13288018130620322,0.32498940827139455,0.12188080114644859,1.7285712474036816,0.02180546887387944,0.027902312357447015,0.024843182070444038,0.021480987970168414,0.02759645433822578,0.01544691845389971,0.006315865294484423,0.016840956947025608,100.0,100.0,100.0,100.0,100.0,100.0,100.0,100.0,pot,pot,pot,pot,pot,pot,pot,pot
2019-10-31,0.09340332404787723,0.07326675035724266,0.08221296279498079,0.0949017305906616,0.07465563830858246,0.1326497753339333,0.3265140226387019,0.12239579592802015,1.7268113732056485,0.021947601275670598,0.027979662043553663,0.024934984026025377,0.021601069877926794,0.02745913048859965,0.015454070003996886,0.006278379401467333,0.016748769011891866,100.0,100.0,100.0,100.0,100.0,100.0,100.0,100.0,pot,pot,pot,pot,pot,pot,pot,pot
2019-11-29,0.09305090332588431,0.07305625572621392,0.08185338164387104,0.09475778373676322,0.0743941699928917,0.13303375700193246,0.3281254615154854,0.12172828705695797,1.732735697571287,0.02186273393288823,0.027846309962183735,0.02485355034541862,0.02146891855639134,0.027345518362838026,0.01529196188602839,0.006199906377983731,0.0167121972288727,100.0,100.0,100.0,100.0,100.0,100.0,100.0,100.0,pot,pot,pot,pot,pot,pot,pot,pot
2019-12-31,0.09466672109701457,0.07320504544066544,0.0818679793478295,0.09596118615625503,0.07496185049070322,0.13107713284674846,0.32667924530610126,0.12158083931468257,1.7271317310041574,0.0212006146267543,0.027416042977296634,0.02451498971813144,0.020914629678380807,0.026773520915217328,0.015311539307948964,0.006143618551817296,0.016507475053380922,100.0,100.0,100.0,100.0,100.0,100.0,100.0,100.0,pot,pot,pot,pot,pot,pot,pot,pot
2020-01-31,0.09639666990810436,0.07451239545999987,0.08357231326131787,0.09815018502323826,0.07456255403011984,0.12934677537882527,0.3228258862419324,0.12063322069646215,1.7312694289871495,0.020512485553925028,0.02653699812936431,0.02366017191307897,0.0201460170295992,0.02651914656970733,0.015287086153832098,0.006125082848698862,0.016391299904956115,100.0,100.0,100.0,100.0,100.0,100.0,100.0,100.0,pot,pot,pot,pot,pot,pot,pot,pot
2020-02-28,0.09142357157510662,0.07165253653617913,0.08146942402177064,0.09545939502404109,0.0742685876347856,0.13243521790566357,0.32875119268618325,0.12454007461627006,1.7143789468520365,0.02186239499002257,0.02789487057676414,0.024533599656227697,0.0209380986823791,0.0269122962591175,0.015092195752623178,0.006079790058987013,0.0160489564450001,100.0,100.0,100.0,100.0,100.0,100.0,100.0,100.0,pot,pot,pot,pot,pot,pot,pot,pot
2020-03-31,0.09153421708063467,0.08062202158286709,0.08247232385946623,0.10003805237645143,0.08004509780553945,0.1478402907130078,0.2593292702589482,0.15811872632308524,1.7210678204283916,0.03052998948315922,0.034662225406350444,0.03388456337889684,0.02793475700931192,0.034912052848133264,0.01890241605548406,0.010776024943233585,0.017673673130346918,100.0,100.0,100.0,100.0,100.0,100.0,100.0,100.0,pot,pot,pot,pot,pot,pot,pot,pot
2020-04-30,0.09037384643756456,0.08090966227638341,0.08016669123152374,0.09871892409889338,0.08082743252579597,0.15078320898162276,0.2575896577486292,0.16063057669958702,1.712528329230003,0.03183899506222511,0.035563273526600686,0.035892867801788866,0.029147526441813836,0.03559945380625057,0.019083109252772325,0.011170527868350417,0.017913229906789632,100.0,100.0,100.0,100.0,100.0,100.0,100.0,100.0,pot,pot,pot,pot,pot,pot,pot,pot
2020-05-29,0.09035842974664723,0.08138314325249517,0.0777932176574749,0.09890032025618306,0.08105110549602201,0.1508848691260746,0.25731724923373006,0.162311665231373,1.7135404682123687,0.03234361416040693,0.03591060840201932,0.037567776161846145,0.029550138768970106,0.03605772148301212,0.01936919324510817,0.0113576458498947,0.01800559549247299,100.0,100.0,100.0,100.0,100.0,100.0,100.0,100.0,pot,pot,pot,pot,pot,pot,pot,pot
2020-06-30,0.08882122659720779,0.08118347814160365,0.07583196087965856,0.10297517594083562,0.08241465298379477,0.15043054310183213,0.2561453290927165,0.16219763326235107,1.7001040301037076,0.03308942749823275,0.0362024836219262,0.038757319521995764,0.028541282021999525,0.03566166247609288,0.019537545216484792,0.011474125053159057,0.01812013824541183,100.0,100.0,100.0,100.0,100.0,100.0,100.0,100.0,pot,pot,pot,pot,pot,pot,pot,pot
2020-07-31,0.08849356426596883,0.0802703799104406,0.07544184982683473,0.10234585850730231,0.08220710453406124,0.15070786363813068,0.25659578088275725,0.1639375984345044,1.7021802946283877,0.03310881608893068,0.036500601437353376,0.038836761705354626,0.02862760825956511,0.03564068046116335,0.01944103694131744,0.011418415120686087,0.01787214874631994,100.0,100.0,100.0,100.0,100.0,100.0,100.0,100.0,pot,pot,pot,pot,pot,pot,pot,pot
2020-08-31,0.09000235564116947,0.08157287444563782,0.0767281129951461,0.10337358384234147,0.0834085792128345,0.15252296922462957,0.2575506049577056,0.15484091968053554,1.7019582998981415,0.03310881608893068,0.03653017575689174,0.038836761705354626,0.028826237126872913,0.03572619829538452,0.019537197942333395,0.01157004248148965,0.01924472837439883,100.0,100.0,100.0,100.0,100.0,100.0,100.0,100.0,pot,pot,pot,pot,pot,pot,pot,pot
2020-09-30,0.08891893098876286,0.0799825477137075,0.07618001133084892,0.10360245623758257,0.08459482892544441,0.15333293124678604,0.2569844530175565,0.1564038405393112,1.7065335085084874,0.033725892370768805,0.037494058166102726,0.039365579551134164,0.028945938206076743,0.03544980626290782,0.019557901044911338,0.011669461950081315,0.01917389167625386,100.0,100.0,100.0,100.0,100.0,100.0,100.0,100.0,pot,pot,pot,pot,pot,pot,pot,pot
2020-10-30,0.08828547277719406,0.07938202385407368,0.07610311522582039,0.1026075596359722,0.08499349704628271,0.15375888973043603,0.25856039705318656,0.15630904467703435,1.7050911424755715,0.034159187592144355,0.03799046534516598,0.039627287494193586,0.029391207012003227,0.03548224430176242,0.019613565313488124,0.011663657933032087,0.01929357339806207,100.0,100.0,100.0,100.0,100.0,100.0,100.0,100.0,pot,pot,pot,pot,pot,pot,pot,pot
2020-11-30,0.08776250584226974,0.07862344478734605,0.07593916161225017,0.10168815051103376,0.08570193945478222,0.15772393594872086,0.2605410908818149,0.15201977096178246,1.7103202234414725,0.034113188350121254,0.03807844975469464,0.03942443962132193,0.02944157088933497,0.03493338553272269,0.0189816394947773,0.011490927906009352,0.01969387845366914,100.0,100.0,100.0,100.0,100.0,100.0,100.0,100.0,pot,pot,pot,pot,pot,pot,pot,pot
2020-12-31,0.08778510005535538,0.07847278383974023,0.07609029889447418,0.10114875395915413,0.08592358632462159,0.15703759729733532,0.26160396190751123,0.15193791772180787,1.7135635807509886,0.034113188350121254,0.038161379092123346,0.03935626086415667,0.029606194197230234,0.03485224233086347,0.019069507583286183,0.011447187690457508,0.019709560966905064,100.0,100.0,100.0,100.0,100.0,100.0,100.0,100.0,pot,pot,pot,pot,pot,pot,pot,pot
2021-01-29,0.08800138818213105,0.0788985566433207,0.07655067838383849,0.1007479291672888,0.08610029073418646,0.15765622145174885,0.26309250155886577,0.14895243387862,1.7156974029983354,0.03427705745829435,0.038231734108458267,0.039404335831012105,0.029940353752779224,0.03503389609265147,0.0191329502340747,0.011465277882325577,0.020250952338158042,100.0,100.0,100.0,100.0,100.0,100.0,100.0,100.0,pot,pot,pot,pot,pot,pot,pot,pot
2021-02-26,0.08862656860429888,0.07944738073408167,0.07694056188273231,0.10134831422086829,0.08656763100331885,0.15901629498248387,0.2599170909376732,0.14813615763454302,1.7131500990695658,0.03452366805317547,0.038512462046143066,0.03976724578448246,0.03019008514062469,0.03534478418462778,0.01924151380538601,0.011771885504522295,0.02065474279908905,100.0,100.0,100.0,100.0,100.0,100.0,100.0,100.0,pot,pot,pot,pot,pot,pot,pot,pot
2021-03-31,0.09012416054035685,0.07989457207599819,0.07683804947814103,0.10267148431341698,0.08653391418545062,0.16005409024721626,0.25578666435049174,0.14809706480892842,1.713373038040579,0.034425834760360194,0.038833670148795726,0.0403784255294134,0.03021870658076242,0.03585414444594898,0.01938469334889404,0.012129637276270047,0.02094977008951126,100.0,100.0,100.0,100.0,100.0,100.0,100.0,100.0,pot,pot,pot,pot,pot,pot,pot,pot
2021-04-30,0.09026280655714956,0.08001748100647012,0.07690755635534742,0.10260622891650395,0.08675637820422141,0.16018281258779973,0.255249167606001,0.14801756876650685,1.7089605084413846,0.034425834760360194,0.038833670148795726,0.04040399423413393,0.0302844427317509,0.03581722206323717,0.019398913112725923,0.012173878930486007,0.020993267822447294,100.0,100.0,100.0,100.0,100.0,100.0,100.0,100.0,pot,pot,pot,pot,pot,pot,pot,pot
2021-05-28,0.09018378405123388,0.07996104080469724,0.07667198659436511,0.10257458214777007,0.08659800039705869,0.1604966161077009,0.25521666632510837,0.14829732357206568,1.7029239117811905,0.034479871287213915,0.03888800389523911,0.0405562110022198,0.0303147739056916,0.03590758738103674,0.019374397676981545,0.012183864443709029,0.020968181969712712,100.0,100.0,100.0,100.0,100.0,100.0,100.0,100.0,pot,pot,pot,pot,pot,pot,pot,pot
2021-06-30,0.0907317859406952,0.08048152289817613,0.07690860377954768,0.10261729381094614,0.08708038983253083,0.16048674058089382,0.25627663587196076,0.1454170272852494,1.7040098492773874,0.03446252792962917,0.03885173384507619,0.04065665677729891,0.030470952711411342,0.03590758738103674,0.019483520543619286,0.0122010603754318,0.021502617440753585,100.0,100.0,100.0,100.0,100.0,100.0,100.0,100.0,pot,pot,pot,pot,pot,pot,pot,pot
2021-07-30,0.09050439633134029,0.08041336287046977,0.07708128485240102,0.10287751013698127,0.0870109241808474,0.16038169656810458,0.25613173002368506,0.14559909503617066,1.7090653659267758,0.03451985426645138,0.03885173384507619,0.040531220747207185,0.03036813942786093,0.035905819886909246,0.019479770065310174,0.0121976241348236,0.021457541141000156,100.0,100.0,100.0,100.0,100.0,100.0,100.0,100.0,pot,pot,pot,pot,pot,pot,pot,pot
2021-08-31,0.09120642736800867,0.08062523389130836,0.0772570338402007,0.10266919159751431,0.08767039647673525,0.1602456215917156,0.25636783419669756,0.14395826103781953,1.7045566688230915,0.034403495097287795,0.03891858324437913,0.04061532938588767,0.030562428981591304,0.03579109942349916,0.01958131427010946,0.012239522507292929,0.021796733679438372,100.0,100.0,100.0,100.0,100.0,100.0,100.0,100.0,pot,pot,pot,pot,pot,pot,pot,pot
2021-09-30,0.09130457709109235,0.08113729110438093,0.0776805778913603,0.1032157413047188,0.08791922223186428,0.15992279885012092,0.25573054491754066,0.14308924660892167,1.7007808018472301,0.034622294072310156,0.03896080181095703,0.040694521127491515,0.030626858638384748,0.03595543543207117,0.019766874647800237,0.012361346663594765,0.02209232344926339,100.0,100.0,100.0,100.0,100.0,100.0,100.0,100.0,pot,pot,pot,pot,pot,pot,pot,pot
2021-10-29,0.09144699129518181,0.08108959964733037,0.07773210792211456,0.1032725758241594,0.08796763390514177,0.1600701300320314,0.2558605861629734,0.14256037521106726,1.702149485439416,0.0345874099977639,0.03900518185740641,0.04068993708696995,0.030626858638384748,0.03595543543207117,0.019759555267153672,0.012361867173139923,0.022186491697328645,100.0,100.0,100.0,100.0,100.0,100.0,100.0,100.0,pot,pot,pot,pot,pot,pot,pot,pot
2021-11-30,0.0924163229419422,0.0816895657543972,0.07797774486681973,0.10402125696250109,0.08794462161239676,0.16039617891452024,0.25247064882072606,0.1430836601266967,1.704675200016556,0.03449749703206245,0.0390274057275444,0.04088515039578115,0.030648849278499635,0.036251583871211676,0.01987660708615025,0.012627732535624762,0.022281592626165504,100.0,100.0,100.0,100.0,100.0,100.0,100.0,100.0,pot,pot,pot,pot,pot,pot,pot,pot
2021-12-31,0.09232847666150107,0.0816528049949089,0.07776122863375648,0.10425447913092925,0.08797926064346959,0.15992699658015713,0.25303756123887616,0.14305919211640147,1.706125131459322,0.03452960487456042,0.039044167778320454,0.040998141024841686,0.03057965321363252,0.036236560690264735,0.019934506906054555,0.012599180146152538,0.02228494213218893,100.0,100.0,100.0,100.0,100.0,100.0,100.0,100.0,pot,pot,pot,pot,pot,pot,pot,pot
2022-01-31,0.09500068391927625,0.08206628024346249,0.07808129432141446,0.10700897679102685,0.09019001487441848,0.15725654106500217,0.24765447127964127,0.14274173750575805,1.7061434912950124,0.03360943818073129,0.03890659603237544,0.040892247510251924,0.02983786696276352,0.03540214088841168,0.020303890647018055,0.012892638670378757,0.022368507411389113,100.0,100.0,100.0,100.0,100.0,100.0,100.0,100.0,pot,pot,pot,pot,pot,pot,pot,pot
2022-02-28,0.0949266514493016,0.08155760859766234,0.08024080087075579,0.10875107058393389,0.09169666813965094,0.15735032474434194,0.24161536340451853,0.14386151220983498,1.7108717146223071,0.03393793001734212,0.039501085294933055,0.0401493257632871,0.029623745645617244,0.03513338182321538,0.020474149379109366,0.0133336473652684,0.022393856453893038,100.0,100.0,100.0,100.0,100.0,100.0,100.0,100.0,pot,pot,pot,pot,pot,pot,pot,pot
2022-03-31,0.09776236474194594,0.08391811207839843,0.08211829896320501,0.10824822375930376,0.09354859618772245,0.15506559748872223,0.23443703695878748,0.1449017698219148,1.711522135902811,0.03376055596373805,0.03933014821561305,0.04019215969752014,0.030490216572575994,0.03528125402752976,0.02128461657175687,0.014078457179093447,0.022777580909289014,100.0,100.0,100.0,100.0,100.0,100.0,100.0,100.0,pot,pot,pot,pot,pot,pot,pot,pot
2022-04-29,0.09831808466567091,0.08420649485677235,0.08282621313932045,0.10923387824442982,0.09476575469817858,0.15510778185057342,0.22891863163731227,0.14662316090774222,1.7077383563206638,0.03404003084439787,0.03974456650017412,0.04040690148361668,0.030638394318405704,0.035316034207089834,0.021576935693695412,0.014619826314024061,0.022825525066175537,100.0,100.0,100.0,100.0,100.0,100.0,100.0,100.0,pot,pot,pot,pot,pot,pot,pot,pot
2022-05-31,0.09659624782039404,0.08260529416155302,0.08221309449096902,0.10946996844137973,0.09552958538311061,0.15457819332533015,0.23056625104855832,0.14844136532870508,1.7036700733909835,0.03532635233330228,0.041309617249283434,0.041506685835223836,0.03117195641109124,0.03572079864989684,0.022075514088823592,0.014800054513874006,0.022988154797834816,100.0,100.0,100.0,100.0,100.0,100.0,100.0,100.0,pot,pot,pot,pot,pot,pot,pot,pot
2022-06-30,0.09627425716332241,0.08290811717655536,0.0819617440561686,0.10932421350917927,0.09642390370387875,0.15440677113341517,0.22809433051737774,0.1506066627401027,1.6906022933686842,0.03616148029828813,0.04199130039619666,0.04247615389025863,0.03184490920990248,0.03610535894019985,0.02254706596147709,0.015263069650819625,0.02311597369136044,100.0,100.0,100.0,100.0,100.0,100.0,100.0,100.0,pot,pot,pot,pot,pot,pot,pot,pot
2022-07-29,0.09655822713245756,0.08311957356604674,0.08223264484138988,0.10932674620675462,0.0963869531336484,0.15380322997917636,0.22915144004111596,0.14942118509941063,1.6867026420230204,0.03616148029828813,0.04200801662334687,0.042461098446033865,0.03193809885720595,0.03622573714148307,0.022702308843323638,0.015237471025543159,0.023368094863957592,100.0,100.0,100.0,100.0,100.0,100.0,100.0,100.0,pot,pot,pot,pot,pot,pot,pot,pot
2022-08-31,0.0964492531685099,0.08344600358782049,0.08270335455242224,0.10976109164072632,0.09753787832408034,0.1522139620483751,0.226552571599762,0.15133588507830356,1.6760323221537492,0.03651144967803761,0.042200967118098696,0.042579917980403365,0.03208333664421867,0.036103943555608004,0.02313521050340435,0.01554386263938598,0.023269444994650657,100.0,100.0,100.0,100.0,100.0,100.0,100.0,100.0,pot,pot,pot,pot,pot,pot,pot,pot
2022-09-30,0.09783139358085619,0.08409163034337701,0.08364670715362714,0.10977335606963819,0.09890566656382566,0.15179937398018808,0.22115236577150882,0.152799506536979,1.6611750054097514,0.03669805031914966,0.04269415861914679,0.042921252092194453,0.032705763337919865,0.03629945107448378,0.02365109493067718,0.01623415328114625,0.023496289260292385,100.0,100.0,100.0,100.0,100.0,100.0,100.0,100.0,pot,pot,pot,pot,pot,pot,pot,pot
2022-10-31,0.09831355951640666,0.08454784898724621,0.08393672675848866,0.11066730036068455,0.09941246720375803,0.15045138929262747,0.2195626792127085,0.15310802866807996,1.6446752223044525,0.036497458423606764,0.04243981477835243,0.04274880841197398,0.03242326359486742,0.0360940146830115,0.023849530853768414,0.016342463408595322,0.02343570799089591,100.0,100.0,100.0,100.0,100.0,100.0,100.0,100.0,pot,pot,pot,pot,pot,pot,pot,pot
2022-11-30,0.09786025490699105,0.08519957824051194,0.08363426412464929,0.11123819170267825,0.09972879711813462,0.1504664417688229,0.21938101205253446,0.1524914600856775,1.6246736361269323,0.03653460653983304,0.04196365736485129,0.0427490568170247,0.03214081291855989,0.03585008555432135,0.023761350816069424,0.016297152955327424,0.023445810715602727,100.0,100.0,100.0,100.0,100.0,100.0,100.0,100.0,pot,pot,pot,pot,pot,pot,pot,pot
2022-12-30,0.09890242554130016,0.08566500960509629,0.08327229086312901,0.11095275766318081,0.09949099682797817,0.14892996212121853,0.21948028836474012,0.15330626901335706,1.6128542594253095,0.0361923012360504,0.04178492939728604,0.04298556387802824,0.03226153593255505,0.0359781939300077,0.024034830380560448,0.016309010730923723,0.023348728014866173,100.0,100.0,100.0,100.0,100.0,100.0,100.0,100.0,pot,pot,pot,pot,pot,pot,pot,pot
2023-01-31,0.09884750974837325,0.08569207150062569,0.08330405274323768,0.11103937877260128,0.09940337651804149,0.1486974617118421,0.21956400296575565,0.15345214603952295,1.6094070791616801,0.03622622046431481,0.041787666207449906,0.04298556387802824,0.032248664573550814,0.03602364231403304,0.024081592511863977,0.016309010730923723,0.02333542914134803,100.0,100.0,100.0,100.0,100.0,100.0,100.0,100.0,pot,pot,pot,pot,pot,pot,pot,pot
2023-02-28,0.09907799368943514,0.08582544730074249,0.08321750083107603,0.11118371302443676,0.09956626524194,0.14913072567045033,0.21984230686962486,0.1521560473722945,1.6037973261733445,0.03623991030724402,0.04183581580582984,0.04314690502440545,0.03229409692350943,0.0360621903011219,0.024076712485536292,0.016332514227373772,0.023597994734585973,100.0,100.0,100.0,100.0,100.0,100.0,100.0,100.0,pot,pot,pot,pot,pot,pot,pot,pot
2023-03-31,0.09999946469078144,0.08599369694394443,0.08332898669425187,0.11051364451990957,0.10029990514623914,0.14826786838149844,0.2198116889132169,0.15178474471015824,1.6065380854766806,0.03595678567990557,0.0418130566282732,0.043150162538094866,0.03253588582307533,0.035849079964225025,0.024251102813051543,0.016357907706224407,0.023689200959278435,100.0,100.0,100.0,100.0,100.0,100.0,100.0,100.0,pot,pot,pot,pot,pot,pot,pot,pot
2023-04-28,0.10009965490049653,0.08580649750003884,0.08323059814422891,0.11078350045320332,0.10039254055033081,0.14828723088128054,0.21995430670476387,0.15144567086565722,1.6074750833679745,0.03594410242712292,0.04193146618834401,0.043229200905515575,0.03247769057616077,0.03583923894085822,0.024263668741266557,0.016357907706224407,0.023757643438053578,100.0,100.0,100.0,100.0,100.0,100.0,100.0,100.0,pot,pot,pot,pot,pot,pot,pot,pot
2023-05-31,0.10013161320859781,0.08645066939739028,0.08363398098923557,0.11145349302666836,0.10125776550177425,0.1471013240597751,0.21850762556930187,0.15146352824725678,1.6062219883156703,0.03600947714542023,0.04170802912808802,0.043112703648928836,0.03235149423720888,0.035608992747384716,0.024511587916801338,0.016501424277412607,0.023805645353005077,100.0,100.0,100.0,100.0,100.0,100.0,100.0,100.0,pot,pot,pot,pot,pot,pot,pot,pot
2023-06-30,0.10009812593819338,0.08642175747986507,0.08360601106398777,0.11152482206744305,0.10118935945996436,0.14666715410289474,0.21840400391358522,0.15208876597406643,1.6073335154389896,0.03600947714542023,0.04170802912808802,0.043112703648928836,0.0323199903972141,0.03562114828582234,0.02457592635732222,0.016503732137149542,0.023699851564877528,100.0,100.0,100.0,100.0,100.0,100.0,100.0,100.0,pot,pot,pot,pot,pot,pot,pot,pot
2023-07-31,0.10061430333048979,0.08671969963455671,0.08383245996531746,0.11183747244422759,0.10192431159644325,0.14607759923111158,0.21732994935780584,0.1516642044400478,1.5999503154391894,0.035782567618078465,0.04151580468383517,0.04294563363354209,0.03219169776985542,0.03532266302198643,0.024646065729579232,0.016565770722845836,0.023738219084466085,100.0,100.0,100.0,100.0,100.0,100.0,100.0,100.0,pot,pot,pot,pot,pot,pot,pot,pot
2023-08-31,0.10147388887269182,0.08698301382807294,0.08368513091512612,0.11234391591787285,0.10178554784674244,0.14532102024565313,0.21611484614870735,0.1522926362251334,1.5899409089321561,0.03534682782674195,0.04123540816811045,0.04286042263028438,0.031926785261028635,0.03523859874776687,0.02468177055755478,0.016596638976042122,0.023551894351547406,100.0,100.0,100.0,100.0,100.0,100.0,100.0,100.0,pot,pot,pot,pot,pot,pot,pot,pot
2023-09-29,0.1016933196518452,0.08709566306178691,0.08374840844014476,0.11271570342621266,0.10199089836406,0.14420317863940987,0.21575461614152347,0.15279821227501716,1.586202548531438,0.03531623540583119,0.04123540816811045,0.042883504091803804,0.0318626873350976,0.03521319327147496,0.02490531242037052,0.01664587891676543,0.0235043667236165,100.0,100.0,100.0,100.0,100.0,100.0,100.0,100.0,pot,pot,pot,pot,pot,pot,pot,pot
2023-10-31,0.10203803272301418,0.0873267288673725,0.08436034783458758,0.11309922384944392,0.10233257950592083,0.14258822167985896,0.2155964419458481,0.1526584235939539,1.5822045454565485,0.03531484098573595,0.04126407741189206,0.0427150550300737,0.031861022361280196,0.03521319327147496,0.02527177110183125,0.016713897815696127,0.02360470398734868,100.0,100.0,100.0,100.0,100.0,100.0,100.0,100.0,pot,pot,pot,pot,pot,pot,pot,pot
2023-11-30,0.10200836191938464,0.08730133584327464,0.08433581738012935,0.11306633665266114,0.10215337731886781,0.1422733283542775,0.21514099642229076,0.15372044610911417,1.5783404527553258,0.03531484098573595,0.04126407741189206,0.0427150550300737,0.031861022361280196,0.03526470856811411,0.025320340235718986,0.016744410132448498,0.023434807610702622,100.0,100.0,100.0,100.0,100.0,100.0,100.0,100.0,pot,pot,pot,pot,pot,pot,pot,pot
2023-12-29,0.1022118596371545,0.08736913979675337,0.08440885628312202,0.11315415139863673,0.10225990326802449,0.1421861669641695,0.21530808905577545,0.153101833596364,1.573600084242843,0.03527190446179046,0.04126407741189206,0.04271124034533956,0.031861022361280196,0.03525533305595212,0.025355539325370175,0.016744410132448498,0.023547771201018912,100.0,100.0,100.0,100.0,100.0,100.0,100.0,100.0,pot,pot,pot,pot,pot,pot,pot,pot
2024-01-31,0.10229288412821687,0.08733920390869143,0.08416887741247457,0.11332341599904121,0.10290981192014345,0.14212426411748363,0.2147852502216109,0.15305629229233797,1.568163058041071,0.0352234530883842,0.04125419564314587,0.0428080867433757,0.03179491699576239,0.03501229414510764,0.025351818901150777,0.01677540055310202,0.02354106813513958,100.0,100.0,100.0,100.0,100.0,100.0,100.0,100.0,pot,pot,pot,pot,pot,pot,pot,pot
2024-02-29,0.10702942692276887,0.08829398642310235,0.08486376289268205,0.11703740209242972,0.1038698925113592,0.13638492581185052,0.21111819740820673,0.15140240593760068,1.5491442152833261,0.03261420212466478,0.03953473508624906,0.04113274316342187,0.029825331907055455,0.03360626721130459,0.025594319476052514,0.016534241982925014,0.023055639976982126,100.0,100.0,100.0,100.0,100.0,100.0,100.0,100.0,pot,pot,pot,pot,pot,pot,pot,pot
2024-03-28,0.10863467012631771,0.083868550378679,0.08533392552978444,0.12190549023239167,0.11020493856675738,0.12888034659056496,0.22904228187778025,0.13212979669772465,1.529616659641705,0.02644154051954703,0.03424964446151786,0.03366150114552115,0.023563073545718023,0.026064785020796854,0.022287867063999205,0.012541212951700504,0.02173974458270033,100.0,100.0,100.0,100.0,100.0,100.0,100.0,100.0,pot,pot,pot,pot,pot,pot,pot,pot
2024-04-30,0.11017882216885982,0.08388025784285112,0.08690644958865108,0.1235275552606224,0.1118780711079686,0.12736952603947077,0.22532452622836413,0.13093479176321213,1.5234870162611411,0.025823680539170023,0.03392005197696409,0.03273891315705309,0.023033101398855647,0.025431460139537627,0.02233833158010613,0.012627221516875866,0.021730073936468145,100.0,100.0,100.0,100.0,100.0,100.0,100.0,100.0,pot,pot,pot,pot,pot,pot,pot,pot
2024-05-31,0.11054607045012224,0.08379032829766532,0.08750573046873668,0.12301064384255411,0.11202868222088448,0.12757559363816445,0.22504993732293796,0.1304930137589348,1.5098788913580394,0.025690775339193055,0.03389429685101056,0.03245518031049812,0.023087548945762273,0.025350778070968513,0.022261423047888553,0.012619484787900152,0.02176372649198811,100.0,100.0,100.0,100.0,100.0,100.0,100.0,100.0,pot,pot,pot,pot,pot,pot,pot,pot
2024-06-28,0.11377989210425205,0.08356106914405671,0.09074507826813716,0.12638316681745995,0.11305298361545726,0.12528369173333678,0.22182481254395497,0.12536930577334518,1.503905022282568,0.02452328454334402,0.03339182585820243,0.03074829756759692,0.022077755603431184,0.024680964448266486,0.022271507414728376,0.012578649959776974,0.022256298319367353,100.0,100.0,100.0,100.0,100.0,100.0,100.0,100.0,pot,pot,pot,pot,pot,pot,pot,pot
2024-07-31,0.1133051414328339,0.0829643964459251,0.09079147931191295,0.12721435650498406,0.1137194362211485,0.1249827477087052,0.22213315873740022,0.12488928363709016,1.4989893489887691,0.024660268835846832,0.03367872687458777,0.030775302587791487,0.02196399309780624,0.024570428249253876,0.022356167546656654,0.012578649959776974,0.022372898353205998,100.0,100.0,100.0,100.0,100.0,100.0,100.0,100.0,pot,pot,pot,pot,pot,pot,pot,pot
2024-08-30,0.11366978446954575,0.08422991597662013,0.08871933641996957,0.12504140362079727,0.11230621686345689,0.1238187989996586,0.22101420113631925,0.1312003425136326,1.4993183055219081,0.0243760677329624,0.032895941225799,0.031231324277547334,0.022159239141490518,0.024672030122692853,0.022378042654318787,0.012536852162327208,0.02111901777339474,100.0,100.0,100.0,100.0,100.0,100.0,100.0,100.0,pot,pot,pot,pot,pot,pot,pot,pot
2024-09-30,0.11339821468068366,0.08398684139894745,0.08910735649248794,0.12509757328162904,0.11161707493764075,0.12383590594425606,0.2204087956732208,0.1325482375911342,1.5010639914891915,0.024367513143065782,0.03290077874825739,0.031010149951701295,0.02208861782163398,0.02475635997606587,0.022313661498754696,0.012536852162327208,0.02084699530411998,100.0,100.0,100.0,100.0,100.0,100.0,100.0,100.0,pot,pot,pot,pot,pot,pot,pot,pot
2024-10-31,0.11465448599306932,0.08463092244587343,0.08917167674416408,0.12617136999985343,0.11117136928729202,0.12291459222094091,0.21879294634827118,0.13249263696053568,1.5059658646833904,0.023977817996317183,0.03248415966825093,0.03083001798307034,0.021789130114116283,0.024729068421372503,0.022366460710063197,0.012565141808671644,0.020749563603462598,100.0,100.0,100.0,100.0,100.0,100.0,100.0,100.0,pot,pot,pot,pot,pot,pot,pot,pot
2024-11-29,0.11459529279893026,0.08441769035296504,0.08937247174541146,0.12661447409173449,0.1112722183881842,0.12249402254012114,0.2185041741754731,0.13272965590718042,1.5012958012204467,0.024029214359613582,0.03261916837282271,0.03081077205867425,0.021748183807746336,0.02474683164545034,0.022479748792364657,0.012602207100432,0.02074619147053188,100.0,100.0,100.0,100.0,100.0,100.0,100.0,100.0,pot,pot,pot,pot,pot,pot,pot,pot
2024-12-31,0.11398457755992467,0.08432263990804584,0.0885926778653375,0.12623685965628362,0.11127258511710646,0.12352599724646748,0.2186494256241497,0.13341523702268462,1.4959060525317653,0.02428523368829263,0.03282798197403161,0.031245721086698763,0.021928160368066465,0.024877125843628195,0.022409388829955378,0.012660184654051738,0.02074832054177904,100.0,100.0,100.0,100.0,100.0,100.0,100.0,100.0,pot,pot,pot,pot,pot,pot,pot,pot
2025-01-31,0.11422138528223622,0.08377135009080768,0.08785133839055241,0.1266543453443276,0.11168205830312544,0.12265193513275513,0.2171022761707297,0.13606531128546584,1.4939136200087302,0.024063400197299405,0.03281020184295652,0.031286431777708186,0.02170122862870628,0.02461053231734229,0.022409388829955378,0.012660184654051738,0.020200261765248084,100.0,100.0,100.0,100.0,100.0,100.0,100.0,100.0,pot,pot,pot,pot,pot,pot,pot,pot
2025-02-28,0.11353900386673854,0.08404427921575572,0.08804874873292537,0.12561116464754235,0.11272238948040973,0.12202732406345236,0.21766934353248668,0.13633774646068922,1.4942647774303193,0.024049462226385338,0.03248944497108201,0.031011820429124072,0.02173813125908288,0.02422368792305539,0.022376562017329016,0.012544494968383172,0.020027850361322038,100.0,100.0,100.0,100.0,100.0,100.0,100.0,100.0,pot,pot,pot,pot,pot,pot,pot,pot
2025-03-31,0.11212700584324323,0.08333199851068086,0.08908994006385458,0.12505377434486492,0.11323251469699991,0.12231572985945983,0.2178983064458226,0.13695073023507412,1.5017427564289079,0.024340136200737984,0.032750763725601484,0.030634060277168883,0.021824104136826096,0.02410249919211406,0.02231263793415046,0.0125250472962444,0.019928236887243107,100.0,100.0,100.0,100.0,100.0,100.0,100.0,100.0,pot,pot,pot,pot,pot,pot,pot,pot
2025-04-30,0.10723862807310067,0.08247371075890321,0.08792693106165943,0.12304240859645163,0.1130831084544964,0.12524891683823694,0.22113349316296352,0.1398528030541883,1.4936095189476315,0.0266790974419331,0.03469020347908404,0.03253872020047142,0.023252387859903967,0.025300240212734578,0.02284275090056538,0.01293802113365545,0.020457436286013674,100.0,100.0,100.0,100.0,100.0,100.0,100.0,100.0,pot,pot,pot,pot,pot,pot,pot,pot
2025-05-30,0.10789780755446164,0.08309582253489647,0.08870212311605455,0.12306681163726488,0.1139255315060599,0.12557962933799266,0.22147062422669392,0.13626165008657587,1.502052435716107,0.026613517990533603,0.034556974765896094,0.03237284680021448,0.02333318141818415,0.02520541448899938,0.02286629015890116,0.01296578384838313,0.021073722802162763,100.0,100.0,100.0,100.0,100.0,100.0,100.0,100.0,pot,pot,pot,pot,pot,pot,pot,pot
2025-06-30,0.10761097004817535,0.08287501910857713,0.08861809421200594,0.1237610315400837,0.11369440207103129,0.12535191395213544,0.22088212926790338,0.13720643980008781,1.500974169007549,0.026613550112745375,0.034556974765896094,0.03231744001633309,0.02314064377469813,0.02518954224561567,0.02284695824550247,0.01296578384838313,0.02087299946147589,100.0,100.0,100.0,100.0,100.0,100.0,100.0,100.0,pot,pot,pot,pot,pot,pot,pot,pot
2025-07-31,0.10744494024970981,0.08276341794493175,0.08847441734782249,0.12342503389720529,0.11478223976563716,0.12515722066333582,0.22058468496056066,0.1373680451707971,1.4964324609951558,0.02661878110607487,0.034556974765896094,0.03232633151138473,0.023172392626963488,0.02491721150678003,0.022851684707474146,0.01296578384838313,0.020820368681131483,100.0,100.0,100.0,100.0,100.0,100.0,100.0,100.0,pot,pot,pot,pot,pot,pot,pot,pot
2025-08-29,0.10720163364154184,0.08270722318683521,0.08825445677415952,0.12354124672032164,0.11502173449040148,0.12510153251849318,0.22007770055255899,0.13809447211568812,1.4967920339514325,0.026636402483135868,0.0345249876673444,0.03235491968221885,0.02311346158736864,0.02482544601832686,0.02282518689452246,0.012974807776328269,0.02067762609739824,100.0,100.0,100.0,100.0,100.0,100.0,100.0,100.0,pot,pot,pot,pot,pot,pot,pot,pot
2025-09-30,0.10693140404683914,0.08245445339194657,0.08816875528766226,0.12342923614003268,0.11523869612595493,0.12505155660555403,0.2196213060147527,0.1391045923872578,1.4958219564185808,0.026577944617120756,0.03446771905791854,0.03223383300938519,0.023025476163228732,0.024662001828635337,0.02272676175917052,0.012940533804115277,0.02043079157786444,100.0,100.0,100.0,100.0,100.0,100.0,100.0,100.0,pot,pot,pot,pot,pot,pot,pot,pot
2025-10-31,0.1078686340353604,0.08326159779480949,0.0889488894450827,0.12476380444598503,0.11514206624224484,0.12688636935960573,0.22284368872053872,0.13028494995637308,1.4923232897164567,0.026733594178791238,0.034634409659402954,0.03241992457592501,0.02311340456254156,0.025044854422317617,0.02272676175917052,0.012940533804115277,0.02213391713998822,100.0,100.0,100.0,100.0,100.0,100.0,100.0,100.0,pot,pot,pot,pot,pot,pot,pot,pot
2025-11-28,0.10788673942355236,0.08272434169190374,0.08917661506774945,0.12604522587025627,0.11573314513006326,0.12635736199415956,0.221548508946506,0.1305280618758095,1.48770914037148,0.026586698669651708,0.03467361810128429,0.03216484758169021,0.022756532123301025,0.02478418976933278,0.022700317466565974,0.0129468360908617,0.02197498522757738,100.0,100.0,100.0,100.0,100.0,100.0,100.0,100.0,pot,pot,pot,pot,pot,pot,pot,pot
2025-12-31,0.10810233547376802,0.08329209292742508,0.08958449261741368,0.1254449588466407,0.1156096539176598,0.127741069918772,0.22251189724673245,0.12771349905158833,1.4834820067541719,0.026586698669651708,0.034506087165212036,0.032082385407940554,0.02291111771370824,0.024860244117447736,0.02249929658921946,0.012916541786256673,0.022504153750933717,100.0,100.0,100.0,100.0,100.0,100.0,100.0,100.0,pot,pot,pot,pot,pot,pot,pot,pot
2026-01-05,0.10812023670682065,0.08342608187218398,0.0901001374558992,0.12531910353090714,0.11563419885248452,0.12761291098090324,0.22228865746619494,0.1274986731346064,1.4839084140527208,0.0265556275145657,0.034416104272665386,0.03186677416755722,0.02291111771370824,0.024830030918758017,0.02249929658921946,0.012916541786256673,0.02251945578870253,100.0,100.0,100.0,100.0,100.0,100.0,100.0,100.0,pot,pot,pot,pot,pot,pot,pot,pot
